shapeName,imds,rank_imds,COORD_X,COORD_Y,sdg2_2_cmc,sdg2_2_oww,sdg3_3_cdir,sdg3_3_di,sdg3_3_imr,sdg3_3_ti,sdg3_3_hivi,sdg3_7_afr
Esmeralda,53.200001,108,-68.086369,-18.945744,19.200001,20.6,0,0,0,0,0,14
Santuario de Quillacas,50.5,171,-66.813557,-19.318918,31.5,19.5,0,0,0,23,0,55
Pampa Aullagas,47.299999,246,-67.165981,-19.231799,31.5,19.5,0,0,0,34,0,55
Llallagua,58.099998,44,-66.572717,-18.36274,18.0,18.9,0,0,0,68,47,54
Caripuyo,43.5,299,-66.592666,-18.180206,29.5,18.0,0,0,0,11,0,85
Aiquile,50.400002,177,-65.104024,-18.322991,18.1,23.4,2,0,0,32,41,85
Sacaca,42.200001,312,-66.343593,-18.117116,49.200001,11.3,0,0,0,5,0,59
Acasio,42.099998,313,-66.014164,-18.049848,29.5,18.0,0,0,0,31,0,86
Huanuni,56.799999,59,-66.765546,-18.263649,19.200001,20.6,0,0,0,85,181,55
Huachacalla,61.299999,23,-68.275615,-18.795671,19.200001,20.6,0,0,0,0,0,0
Santiago de Huari,50.599998,169,-66.563699,-19.164007,31.5,19.5,0,0,0,6,0,53
Pazña,54.299999,92,-66.912813,-18.613601,19.200001,20.6,0,0,0,32,0,57
Villa Rivero,52.5,130,-65.852484,-17.649075,11.0,24.700001,1,0,0,33,0,66
Andamarca,46.0,274,-67.381115,-18.89269,52.599998,12.2,0,0,0,0,0,32
Chacarilla,43.099998,302,-68.171628,-17.548561,38.5,13.6,0,0,0,0,0,51
Arbieto,50.900002,165,-66.065629,-17.559227,18.1,23.4,1,0,0,23,37,66
Papel Pampa,50.299999,178,-67.709664,-17.697079,23.1,21.700001,0,0,0,13,0,57
Umala,51.200001,157,-67.997014,-17.40386,23.1,21.700001,0,0,0,11,0,36
Oruro,67.400002,9,-67.091248,-17.960406,19.200001,20.6,0,0,0,46,317,43
Huayllamarca,47.5,241,-67.82031,-17.927772,52.599998,12.2,0,0,0,17,0,71
San Pedro de Curahuara,49.0,206,-67.966876,-17.632578,38.5,13.6,0,0,0,11,0,49
Sicaya,46.599998,263,-66.341352,-17.789832,30.200001,14.7,5,0,0,0,0,47
Puerto Quijarro,64.0,15,-57.68504,-18.426798,7.6,32.799999,0,0,0,88,213,80
Capinota,55.0,85,-66.226315,-17.777533,18.1,23.4,0,0,0,57,84,68
Arque,40.400002,322,-66.416805,-17.825444,30.200001,14.7,1,0,0,9,0,96
Corocoro,47.5,238,-68.432505,-17.173211,38.5,13.6,0,0,0,0,0,77
San Benito,58.099998,45,-65.880135,-17.497147,11.0,24.700001,0,0,0,43,32,53
Sapahaqui,48.099998,223,-67.836405,-16.953427,23.1,21.700001,1,0,0,31,0,32
Cairoma,48.400002,214,-67.577244,-16.845168,23.1,21.700001,2,0,0,18,0,70
Colquiri,46.799999,258,-66.993632,-17.421642,23.1,21.700001,0,0,0,4,37,90
Ichoca,41.799999,315,-67.192907,-17.185952,38.5,13.6,0,0,0,0,0,53
La Guardia,56.400002,65,-63.233832,-18.054188,7.6,32.799999,19,0,0,69,81,65
Moromoro,55.400002,77,-64.343624,-18.320648,12.5,31.200001,21,0,0,0,0,126
El Torno,53.0,114,-63.468331,-18.048245,7.6,32.799999,10,0,0,71,205,73
Samaipata,59.0,34,-63.749871,-18.175652,7.6,32.799999,0,0,0,121,0,83
San Lucas,42.299999,310,-64.899068,-20.160679,40.599998,16.9,1,0,0,68,22,86
Culpina,45.799999,277,-64.572334,-20.869892,40.599998,16.9,4,0,0,43,27,86
Incahuasi,40.099998,326,-64.572757,-20.591149,40.599998,16.9,0,0,0,35,36,81
San Juan,51.299999,155,-63.998189,-16.860315,12.5,31.200001,0,1,0,116,0,107
Tinguipaya,36.400002,337,-65.904561,-19.170294,49.200001,11.3,0,0,0,3,0,80
San Pedro,36.299999,338,-65.968319,-18.340654,49.200001,11.3,1,0,0,9,32,100
Villa Ancoraimes,47.099998,252,-68.868144,-15.854028,23.1,21.700001,0,0,0,0,19,30
"Colcha ""K""",54.099998,97,-67.313798,-21.204733,29.5,18.0,0,0,0,6,0,100
Puerto Mayor de Carabuco,47.5,236,-69.001266,-15.71281,23.1,21.700001,0,0,0,28,0,63
Sabaya,50.0,186,-68.610299,-18.90801,31.5,19.5,0,0,0,0,30,47
Loreto,43.900002,294,-64.920716,-15.568192,25.200001,20.1,0,0,0,24,0,200
Tomave,46.799999,259,-66.394009,-20.101679,49.200001,11.3,0,0,0,18,0,87
Porco,55.200001,79,-65.984158,-19.807815,18.0,18.9,0,0,0,26,0,90
Villa Montes,63.900002,16,-62.911854,-21.401037,14.2,27.5,3,1,0,76,0,74
Yocalla,49.400002,195,-65.941579,-19.49558,18.0,18.9,0,0,0,10,0,74
Urmiri,42.400002,309,-66.181222,-19.472973,49.200001,11.3,0,0,0,0,0,9
Mocomoco,46.299999,268,-69.036253,-15.450824,23.1,21.700001,0,0,0,6,0,53
Saipina,55.099998,80,-64.640704,-18.022719,7.6,32.799999,2,0,0,11,0,94
Omereque,55.099998,81,-64.893546,-18.070062,18.1,23.4,3,0,0,0,0,61
Porongo,55.700001,70,-63.364495,-17.749284,7.6,32.799999,0,0,0,11,29,72
Santa Cruz de la Sierra,64.099998,13,-62.997201,-17.806888,7.6,32.799999,0,0,0,123,484,61
San Ignacio,48.900002,208,-65.686899,-15.468124,25.200001,20.1,0,0,0,4,33,119
San Javier,48.099998,219,-64.425263,-14.42204,12.5,31.200001,0,0,0,32,0,100
San Pedro,57.700001,50,-63.612694,-16.516767,7.6,32.799999,0,0,0,105,0,81
Cajuata,55.400002,78,-67.247674,-16.637656,14.0,22.799999,0,0,0,60,0,69
Inquisivi,44.0,293,-66.977619,-16.682965,38.5,13.6,0,0,0,13,0,62
Irupana,55.599998,72,-67.509467,-16.51059,14.0,22.799999,0,0,0,96,13,85
Chulumani,56.5,63,-67.538645,-16.390653,14.0,22.799999,0,0,0,188,25,65
Poopó,51.299999,154,-66.941924,-18.36646,19.200001,20.6,0,0,0,12,0,77
Totora,48.400002,215,-68.179447,-17.854556,52.599998,12.2,0,0,0,0,0,69
Betanzos,47.5,239,-65.226002,-19.457644,29.5,18.0,2,0,0,21,0,74
Turco,50.5,176,-68.530185,-18.33705,31.5,19.5,0,0,0,0,90,80
Todos Santos,45.5,280,-68.758792,-19.028576,52.599998,12.2,0,0,0,0,0,0
Concepción,52.0,142,-62.112093,-15.298619,12.5,31.200001,0,0,0,49,34,116
Santa Rosa,47.200001,248,-63.839265,-16.6587,12.5,31.200001,0,0,0,31,34,104
Huacaraje,46.900002,257,-64.062737,-13.824182,15.1,32.099998,0,2,0,0,0,137
La Rivera,52.799999,121,-68.660838,-19.061529,31.5,19.5,0,0,0,0,0,125
Entre Ríos,55.599998,73,-64.065841,-21.398108,23.299999,26.0,5,1,0,33,0,85
San Joaquín,53.799999,100,-64.856105,-12.96164,15.1,32.099998,0,0,0,65,0,110
San Ramón,52.400002,131,-64.599167,-13.506861,15.1,32.099998,0,1,0,19,0,115
Tiahuanacu,51.400002,152,-68.695836,-16.558634,23.1,21.700001,0,0,0,7,0,38
Colquechaca,40.299999,325,-66.013197,-18.807658,49.200001,11.3,1,0,0,19,0,94
Pocoata,41.0,317,-66.155372,-18.64008,49.200001,11.3,0,0,0,20,0,66
Llica,49.200001,202,-68.412229,-20.049905,29.5,18.0,0,0,0,0,0,118
Quillacollo,69.800003,4,-66.329013,-17.212015,11.0,24.700001,3,0,0,75,59,48
Sacaba,68.5,6,-66.030108,-17.331359,11.0,24.700001,1,0,0,45,60,51
Tiquipaya,65.800003,12,-66.202123,-17.187473,11.0,24.700001,0,0,0,50,108,52
Colcapirhua,68.099998,7,-66.232921,-17.391253,11.0,24.700001,0,0,0,61,80,46
Sipesipe,58.799999,38,-66.391038,-17.502565,11.0,24.700001,1,0,0,52,22,70
Vinto,64.0,14,-66.374902,-17.342434,11.0,24.700001,0,0,0,45,78,58
Tarata,55.0,84,-66.064844,-17.691811,18.1,23.4,1,0,0,81,29,58
Totora,47.799999,229,-65.144681,-17.586151,30.200001,14.7,0,0,0,30,62,101
Buena Vista,56.400002,66,-63.75708,-17.698083,7.6,32.799999,0,0,0,81,0,96
San Carlos,54.400002,91,-63.753136,-17.290946,7.6,32.799999,0,0,0,70,267,76
Magdalena,52.700001,122,-63.686895,-12.994893,15.1,32.099998,0,3,1,31,61,114
Portachuelo,61.099998,25,-63.449182,-17.35716,7.6,32.799999,0,0,0,20,90,98
San Antonio de Esmoruco,47.900002,227,-66.633628,-22.083896,29.5,18.0,0,0,0,0,0,92
Uriondo,59.5,30,-64.708696,-21.743058,14.2,27.5,0,0,0,32,0,66
Mojinete,40.400002,323,-66.351031,-21.813115,49.200001,11.3,0,0,0,0,0,83
Yacuiba,62.5,20,-63.284749,-21.795791,14.2,27.5,2,2,0,116,15,62
Yunchará,51.799999,145,-65.162798,-21.79089,23.299999,26.0,0,0,0,17,0,111
Caraparí,63.0,18,-63.898393,-21.815287,14.2,27.5,1,0,0,71,0,91
San Lorenzo,59.5,31,-64.696018,-21.234834,14.2,27.5,1,0,0,19,0,58
El Puente,42.700001,307,-65.049619,-21.278403,20.9,19.5,0,0,0,18,94,131
Toro Toro,40.599998,320,-65.700796,-18.20967,49.200001,11.3,1,0,0,44,0,119
San Agustín,49.799999,189,-67.413827,-21.495455,29.5,18.0,0,0,0,0,0,97
Tarija,70.599998,3,-64.593914,-21.559475,14.2,27.5,1,0,0,46,209,47
Tahua,52.299999,134,-67.943756,-20.288352,18.0,18.9,0,0,0,0,0,114
San Pablo,48.599998,210,-67.234475,-22.177457,29.5,18.0,0,0,0,0,0,101
Las Carreras,50.799999,168,-65.320278,-21.295,24.299999,27.1,12,0,0,68,0,100
Villa Abecia,50.099998,184,-65.28834,-20.986674,24.299999,27.1,0,0,0,0,132,96
Morochata,46.200001,272,-66.570625,-17.202205,30.200001,14.7,0,0,0,45,19,70
Carangas,46.5,265,-68.661292,-18.901463,52.599998,12.2,0,0,0,0,0,76
Yunguyo del Litoral,50.5,170,-68.351925,-18.87584,31.5,19.5,0,0,0,0,0,0
Cruz de Machacamarca,45.200001,283,-68.374524,-18.716615,31.5,19.5,0,0,0,0,0,26
Antequera,51.5,150,-66.77567,-18.525228,19.200001,20.6,0,0,0,0,0,93
Nazacara de Pacajes,53.099998,109,-68.75468,-16.92703,23.1,21.700001,0,0,0,0,0,0
Caquiaviri,48.599998,211,-68.818053,-17.085324,38.5,13.6,0,0,0,0,0,51
Belén de Andamarca,48.400002,213,-67.750082,-18.891337,31.5,19.5,0,0,0,0,0,72
Corque,46.400002,266,-67.799316,-18.46335,52.599998,12.2,0,0,0,21,0,81
Vitiche,47.5,240,-65.432375,-20.350326,29.5,18.0,1,0,0,18,0,56
Luribay,53.099998,113,-67.634265,-17.093324,23.1,21.700001,1,0,0,25,0,46
Machacamarca,56.5,62,-66.974281,-18.152264,19.200001,20.6,0,0,0,19,0,49
Arampampa,42.5,308,-66.125985,-17.945554,49.200001,11.3,0,0,0,0,0,143
Sacabamba,44.700001,289,-65.78711,-17.776395,30.200001,14.7,0,0,0,22,55,61
Anzaldo,43.099998,303,-65.9162,-17.843596,30.200001,14.7,1,0,0,0,67,70
Toco,52.700001,125,-65.919609,-17.645628,11.0,24.700001,0,0,0,0,0,40
Villa Gualberto Villarroel,49.599998,192,-65.769604,-17.689699,18.1,23.4,0,0,0,0,0,50
Tacachi,51.099998,162,-65.789375,-17.636536,11.0,24.700001,2,0,0,0,0,65
Cliza,60.5,27,-65.937021,-17.583151,11.0,24.700001,0,0,0,46,64,52
Tacopaya,43.599998,297,-66.625626,-17.826491,30.200001,14.7,0,0,0,18,23,28
El Choro,42.900002,306,-67.174581,-18.263473,52.599998,12.2,0,0,0,9,0,43
Toledo,45.599998,278,-67.413123,-18.275951,52.599998,12.2,0,0,0,0,0,57
Santivañez,52.0,141,-66.218111,-17.573561,11.0,24.700001,4,0,0,42,35,45
Paria,48.900002,207,-66.93588,-17.857265,31.5,19.5,0,0,0,8,0,49
Collana,52.299999,133,-68.301453,-16.904149,14.0,22.799999,0,0,0,20,0,37
Tolata,57.599998,53,-66.004412,-17.526997,11.0,24.700001,1,0,0,83,85,41
Cobija,57.099998,57,-68.87244,-11.079918,9.4,29.0,0,3,2,123,152,109
Eucaliptus,58.599998,40,-67.43962,-17.634321,19.200001,20.6,0,0,0,0,0,85
Santiago de Callapa,44.400002,290,-68.346673,-17.400623,38.5,13.6,0,0,0,0,0,22
Cochabamba,73.699997,2,-66.167934,-17.424973,11.0,24.700001,3,0,0,50,486,45
Caracollo,53.200001,107,-67.292906,-17.691993,31.5,19.5,0,0,0,25,21,45
Catacora,51.0,164,-69.480529,-17.252627,23.1,21.700001,0,0,0,0,0,42
Yaco,47.099998,251,-67.398227,-17.240916,23.1,21.700001,0,0,0,0,0,53
Calacoto,46.200001,271,-68.772336,-17.562269,38.5,13.6,0,0,0,0,0,71
Arani,57.900002,48,-65.727146,-17.592735,11.0,24.700001,3,0,0,10,0,39
Punata,63.700001,17,-65.832796,-17.548304,11.0,24.700001,2,0,0,63,104,38
Sicasica,50.799999,167,-67.618452,-17.375314,23.1,21.700001,0,0,0,21,0,42
Patacamaya,56.400002,64,-67.913192,-17.216754,14.0,22.799999,0,0,0,34,21,53
Colquencha,50.5,174,-68.256729,-16.991588,23.1,21.700001,0,0,0,9,0,57
Santiago de Machaca,52.099998,139,-69.271202,-17.189811,23.1,21.700001,0,0,0,0,0,50
Sena,37.599998,334,-67.359346,-11.855364,25.700001,17.200001,0,0,45,19,0,148
San Lorenzo,41.900002,314,-66.821752,-11.597681,25.700001,17.200001,0,1,42,0,0,111
Santa Rosa,48.200001,217,-66.6614,-13.317344,25.700001,17.200001,0,0,84,79,0,235
Malla,48.099998,220,-67.42763,-17.010433,23.1,21.700001,0,0,0,0,0,38
Comanche,48.099998,221,-68.449473,-16.950742,23.1,21.700001,0,0,0,0,0,69
Calamarca,53.0,116,-68.112847,-16.890322,23.1,21.700001,0,0,0,24,20,37
Viacha,57.599998,52,-68.310773,-16.734055,14.0,22.799999,0,0,0,44,8,54
Villa Libertad Licoma,52.5,129,-67.203666,-16.811896,23.1,21.700001,0,0,0,34,0,48
Quime,53.099998,111,-67.340472,-16.850676,14.0,22.799999,0,0,0,11,0,94
Huatajata,58.700001,39,-68.690151,-16.199338,14.0,22.799999,0,0,0,93,0,26
Laja,51.200001,156,-68.459642,-16.588598,23.1,21.700001,0,0,0,7,0,44
Mecapaca,58.0,47,-67.980069,-16.717485,14.0,22.799999,0,0,0,50,0,40
Palca,49.099998,205,-67.825938,-16.666847,23.1,21.700001,1,0,0,51,0,76
Achocalla,55.700001,69,-68.126028,-16.662314,23.1,21.700001,0,0,0,4,0,38
El Alto,67.400002,8,-68.203791,-16.469452,15.1,25.0,0,0,0,62,265,39
Yanacachi,58.0,46,-67.791172,-16.424736,14.0,22.799999,0,0,0,146,0,68
Tapacarí,39.400002,328,-66.650929,-17.570861,30.200001,14.7,0,0,0,11,0,68
Desaguadero,57.0,58,-68.979109,-16.614504,14.0,22.799999,0,0,0,13,0,60
Jesús de Machaka,52.5,128,-68.739571,-16.761218,23.1,21.700001,0,0,0,19,0,32
Puerto Mayor de Guaqui,53.400002,106,-68.821187,-16.606463,14.0,22.799999,0,0,0,68,0,31
Tito Yupanqui,45.400002,281,-68.960423,-16.179695,23.1,21.700001,0,0,0,0,0,16
Pucarani,50.5,172,-68.416365,-16.360823,23.1,21.700001,0,0,0,17,0,54
Combaya,49.400002,194,-68.753611,-15.816798,23.1,21.700001,0,0,0,25,0,28
Coroico,58.799999,36,-67.772683,-16.162724,14.0,22.799999,0,0,0,137,12,50
Coripata,59.200001,33,-67.56647,-16.208129,14.0,22.799999,0,0,0,114,13,55
Quiabaya,50.099998,183,-68.714799,-15.601605,23.1,21.700001,0,0,0,186,0,67
Aucapata,43.400002,300,-68.699085,-15.438554,23.1,21.700001,0,0,0,87,0,92
Ayo Ayo,50.099998,181,-68.019484,-17.076525,23.1,21.700001,0,0,0,12,0,49
Azurduy,37.900002,333,-64.432695,-20.181806,40.599998,16.9,0,0,1,9,205,99
Tipuani,52.099998,138,-68.055884,-15.584172,14.0,22.799999,0,1,0,358,0,78
Nuestra Señora de La Paz,80.199997,1,-67.97181,-16.166874,14.0,22.799999,0,0,0,53,445,31
Sorata,49.299999,197,-68.493931,-15.719428,23.1,21.700001,0,0,0,63,0,82
La Asunta,47.400002,243,-67.156495,-16.108103,38.5,13.6,0,0,0,111,29,88
Chuma,47.0,255,-68.865486,-15.593042,23.1,21.700001,0,0,0,52,0,44
Guanay,47.0,256,-68.042084,-15.735879,23.1,21.700001,0,9,0,127,0,105
Teoponte,48.700001,209,-67.686904,-15.40807,38.5,13.6,0,1,0,141,0,104
Mapiri,51.799999,144,-68.25804,-15.379346,14.0,22.799999,0,4,0,157,0,112
Charazani,49.299999,196,-68.773584,-15.096923,38.5,13.6,0,0,0,22,56,63
"Caiza ""D""",51.5,151,-65.653561,-20.011159,29.5,18.0,0,0,0,58,0,48
Copacabana,54.299999,93,-69.060523,-16.138482,14.0,22.799999,0,0,0,6,32,37
Tarvita,40.0,327,-64.561679,-19.772343,40.599998,16.9,0,0,0,27,102,84
Chaquí,48.0,226,-65.545882,-19.62478,29.5,18.0,0,0,0,39,0,48
Puna,50.099998,180,-65.400832,-19.8773,29.5,18.0,1,0,0,23,11,60
Ckochas,38.200001,332,-65.022763,-19.74195,49.200001,11.3,1,0,0,25,0,76
El Villar,47.700001,232,-64.274842,-19.690736,40.599998,16.9,1,0,0,21,0,46
Huacaya,49.099998,204,-63.595749,-20.717796,40.599998,16.9,8,0,0,0,94,94
Tacacoma,50.200001,179,-68.52452,-15.392857,23.1,21.700001,1,0,0,138,0,79
Huacareta,47.599998,234,-64.010136,-20.594854,40.599998,16.9,2,0,0,23,0,134
Monteagudo,57.5,54,-64.075241,-20.015288,24.299999,27.1,2,0,0,46,19,73
Potosí,66.199997,11,-65.721306,-19.536496,18.0,18.9,0,0,0,64,164,56
San Pedro de Tiquina,51.200001,158,-68.871843,-16.226387,23.1,21.700001,0,0,0,16,0,42
Lagunillas,52.099998,137,-63.644951,-19.771139,12.5,31.200001,0,0,0,17,0,108
Alcalá,48.099998,218,-64.374234,-19.43205,24.299999,27.1,0,0,0,0,97,53
Sopachui,44.900002,287,-64.534024,-19.464143,40.599998,16.9,0,0,0,0,686,75
Villa Ricardo Mugia - Icla,45.099998,284,-64.745493,-19.46529,40.599998,16.9,4,0,0,25,63,67
Yotala,55.5,75,-65.26573,-19.225121,14.8,28.5,1,0,0,70,25,65
Yamparáez,47.0,254,-65.071129,-19.24281,40.599998,16.9,5,0,0,18,23,51
Tomina,47.400002,245,-64.494591,-19.161214,40.599998,16.9,3,0,0,11,514,102
Ocurí,38.5,330,-65.768549,-18.889184,49.200001,11.3,0,0,0,6,0,69
Tarabuco,43.299999,301,-64.909415,-19.122939,40.599998,16.9,5,0,0,70,174,78
Zudañez,47.5,235,-64.687807,-19.128319,40.599998,16.9,0,0,0,41,416,65
Curva,46.200001,270,-68.966329,-14.985938,38.5,13.6,0,0,0,0,0,94
Pelechuco,47.400002,244,-69.090797,-14.80018,38.5,13.6,0,0,0,42,0,98
Palos Blancos,50.900002,166,-67.231286,-15.417809,23.1,21.700001,0,3,0,197,28,77
Apolo,51.599998,149,-68.232274,-14.658933,23.1,21.700001,0,0,0,0,0,74
Puerto Menor de Rurrenabaque,55.099998,82,-67.305482,-14.688873,15.1,32.099998,0,4,0,61,23,85
San Buenaventura,52.200001,135,-67.745609,-14.258516,23.1,21.700001,0,1,0,75,109,92
Santa Ana,52.700001,124,-65.996796,-14.350355,15.1,32.099998,0,1,0,16,134,108
San Borja,47.099998,250,-66.808303,-15.003657,25.200001,20.1,0,0,0,75,17,110
Reyes,51.400002,153,-67.058307,-13.404164,15.1,32.099998,0,0,3,14,0,91
Puerto Gonzalo Moreno,47.400002,242,-66.326023,-11.168032,25.700001,17.200001,0,0,11,11,0,121
Puerto Siles,44.799999,288,-64.986065,-12.424453,15.1,32.099998,0,0,0,0,0,219
Exaltación,44.099998,291,-65.783177,-12.804001,25.200001,20.1,0,3,0,0,0,112
Riberalta,50.5,175,-66.100396,-11.527484,15.1,32.099998,0,31,23,75,190,121
Porvenir,52.599998,126,-68.793863,-11.238038,15.4,27.5,0,0,5,60,0,93
Bella Flor,48.5,212,-67.932177,-10.933113,25.700001,17.200001,0,4,13,0,0,62
San Pedro,36.400002,336,-66.59048,-11.024991,25.700001,17.200001,0,0,9,0,0,76
Puerto Rico,49.200001,199,-67.538198,-11.327729,15.4,27.5,0,0,10,57,0,145
Santa Rosa,55.5,76,-67.278336,-10.731101,15.1,32.099998,0,1,1,29,0,119
Ingavi,43.599998,295,-66.7474,-10.50408,25.700001,17.200001,0,5,41,55,0,328
Guayaramerín,53.099998,112,-65.435058,-11.309973,9.2,33.799999,0,10,37,72,172,110
Villa Nueva,43.0,305,-66.104964,-10.651288,25.700001,17.200001,0,0,25,32,0,256
Santos Mercado,40.900002,318,-66.136759,-10.153707,25.700001,17.200001,0,0,52,0,0,166
Nueva Esperanza,46.0,273,-65.537924,-10.111461,25.700001,17.200001,0,0,81,42,109,188
Santiago de Huata,51.900002,143,-68.83323,-16.086559,14.0,22.799999,0,0,0,0,0,69
Puerto Pérez,45.0,285,-68.619281,-16.329073,23.1,21.700001,0,0,0,11,29,30
Chuquihuta Ayllu Jucumani,38.400002,331,-66.35298,-18.633016,49.200001,11.3,0,0,0,56,0,102
Bolpebra,40.799999,319,-69.226314,-11.169207,25.700001,17.200001,0,4,0,129,0,150
Filadelfia,48.299999,216,-68.53308,-11.756114,25.700001,17.200001,0,8,4,49,0,156
Alto Beni,47.5,237,-67.39042,-15.605211,38.5,13.6,0,1,0,151,0,73
Caranavi,53.5,103,-67.487668,-15.844957,23.1,21.700001,0,120,0,282,66,62
Huarina,54.200001,95,-68.595528,-16.164761,23.1,21.700001,0,0,0,0,0,39
Bolivar,42.200001,311,-66.644792,-18.015139,18.1,23.4,0,0,0,0,0,32
Chua Cocani,52.700001,123,-68.750455,-16.159307,14.0,22.799999,0,0,0,0,0,26
Humanata,46.700001,261,-69.171002,-15.414573,38.5,13.6,0,0,0,0,0,34
Villa Vaca Guzmán,51.599998,147,-63.802508,-19.893153,24.299999,27.1,49,2,0,58,24,81
Batallas,53.0,117,-68.434729,-16.164549,23.1,21.700001,0,0,0,5,0,39
Padilla,54.200001,96,-64.160629,-19.375145,40.599998,16.9,1,0,0,9,69,92
Mojocoya,46.700001,262,-64.643755,-18.781303,40.599998,16.9,4,0,0,0,89,54
Pucará,52.900002,118,-64.19104,-18.762325,12.5,31.200001,7,0,0,0,0,74
Villa Serrano,52.400002,132,-64.299022,-18.952216,24.299999,27.1,0,0,0,34,21,55
Macharetí,48.0,224,-62.87946,-20.725258,24.299999,27.1,21,5,0,25,65,93
Boyuibe,55.5,74,-63.075601,-20.338891,12.5,31.200001,1,0,0,68,43,69
Cuevo,54.700001,90,-63.539361,-20.330302,12.5,31.200001,11,0,0,18,46,66
Camiri,62.700001,19,-63.487456,-20.034517,7.6,32.799999,5,0,0,62,75,56
Cocapata,40.299999,324,-66.55238,-16.48881,30.200001,14.7,0,0,0,15,0,76
Vallegrande,60.900002,26,-63.939699,-18.783797,7.6,32.799999,1,0,0,21,40,84
Gutiérrez,46.799999,260,-63.501133,-19.396654,20.9,19.5,0,0,0,44,0,114
Sucre,69.599998,5,-65.250075,-18.937407,14.8,28.5,1,0,0,57,266,44
Presto,44.099998,292,-64.893186,-18.755622,40.599998,16.9,3,0,0,51,37,92
Postrervalle,53.400002,104,-63.763883,-18.624948,20.9,19.5,0,0,0,0,0,77
Trigal,58.799999,37,-64.132951,-18.286779,7.6,32.799999,5,0,0,0,0,40
Quirusillas,52.900002,119,-63.938608,-18.370062,7.6,32.799999,1,0,0,53,0,37
Cabezas,49.799999,188,-63.268835,-18.464391,12.5,31.200001,0,0,0,36,33,72
Cotoca,55.0,83,-62.908561,-17.75432,7.6,32.799999,0,0,0,116,126,87
Yapacaní,47.799999,228,-64.362292,-16.751756,12.5,31.200001,0,0,0,131,284,97
Cuatro Cañadas,53.599998,102,-62.242654,-17.23731,7.6,32.799999,2,0,0,77,0,56
San Ramón,49.200001,201,-62.4342,-16.576975,7.6,32.799999,0,0,0,45,29,84
San Javier,46.5,264,-62.491025,-16.233524,25.200001,20.1,0,0,0,17,0,148
San Miguel,47.799999,231,-61.272287,-16.842899,12.5,31.200001,0,0,0,72,0,125
Villa Tunari,53.400002,105,-65.572556,-16.63465,30.200001,14.7,0,1,0,98,62,99
Chimoré,53.900002,99,-64.912612,-16.561631,30.200001,14.7,0,0,0,83,0,104
Tiraque,53.700001,101,-65.517918,-17.337053,18.1,23.4,0,0,0,36,11,67
Shinahota,54.700001,87,-65.319859,-17.060249,18.1,23.4,0,0,0,158,0,101
Montero,61.799999,22,-63.250179,-17.333826,7.6,32.799999,0,0,0,149,434,70
Ascención de Guarayos,45.5,279,-63.430755,-15.345087,12.5,31.200001,0,0,0,44,391,106
San Andrés,47.299999,247,-64.141987,-15.374025,15.1,32.099998,0,2,0,45,19,110
Vacas,46.400002,267,-65.581842,-17.589694,18.1,23.4,0,0,0,0,0,65
Pocona,51.099998,159,-65.371176,-17.682532,18.1,23.4,1,0,0,18,0,67
Okinawa Uno,56.099998,68,-62.865311,-17.324018,7.6,32.799999,0,0,0,65,18,98
Warnes,60.099998,28,-63.070369,-17.412384,7.6,32.799999,0,0,0,82,113,102
General Saavedra,53.099998,110,-63.177766,-17.168649,7.6,32.799999,0,0,0,55,34,87
Pailón,54.0,98,-61.921332,-17.75701,7.6,32.799999,0,0,0,46,51,60
Fernández Alonso,57.5,55,-63.210941,-16.888673,7.6,32.799999,0,0,0,54,0,70
Mineros,57.700001,51,-63.273704,-17.052994,7.6,32.799999,0,0,0,53,154,80
Pampa Grande,57.799999,49,-64.153379,-18.045574,7.6,32.799999,5,0,0,29,0,83
Mairana,57.299999,56,-64.006619,-17.984715,7.6,32.799999,0,0,0,32,85,124
Puerto Villarroel,49.599998,193,-64.884391,-17.033153,18.1,23.4,0,0,0,198,508,90
Colpa Bélgica,58.099998,43,-63.292178,-17.543384,7.6,32.799999,0,0,0,63,0,109
Puerto Suarez,58.400002,42,-58.256704,-19.071256,7.6,32.799999,0,0,0,51,122,64
El Carmen Rivero Tórrez,51.599998,148,-58.586382,-18.455465,12.5,31.200001,0,0,0,145,0,79
Roboré,58.599998,41,-59.611684,-18.215463,7.6,32.799999,0,0,0,24,15,73
San Matías,52.599998,127,-58.823365,-17.255064,12.5,31.200001,0,0,0,25,47,97
Charagua,48.099998,222,-61.600804,-19.090404,12.5,31.200001,0,0,0,28,20,76
San José,52.200001,136,-60.424628,-17.702364,7.6,32.799999,0,0,0,28,34,62
San Rafael,49.799999,190,-60.141061,-16.815589,12.5,31.200001,0,0,0,28,108,140
Ayopaya,43.5,298,-66.805143,-17.144156,30.200001,14.7,0,0,0,84,0,83
San Ignacio,51.700001,146,-60.994399,-15.029654,12.5,31.200001,0,0,0,34,89,106
Urubicha,50.0,185,-63.01854,-14.952609,12.5,31.200001,0,0,0,22,206,93
Baures,51.0,163,-62.875731,-13.625339,15.1,32.099998,0,0,1,32,0,139
Trinidad,61.299999,24,-64.656889,-14.835017,9.2,33.799999,0,3,0,115,403,82
San Antonio de Lomerio,49.700001,191,-61.874107,-16.80662,12.5,31.200001,0,0,0,28,35,76
Pojo,48.0,225,-64.863896,-17.600149,30.200001,14.7,4,0,0,66,0,85
Entre Ríos,54.700001,88,-64.54646,-17.313036,30.200001,14.7,0,1,0,171,0,82
Poroma,35.700001,339,-65.385579,-18.622064,40.599998,16.9,2,0,0,37,13,92
Colomi,50.099998,182,-65.921012,-17.232227,18.1,23.4,0,0,0,9,0,71
Alalay,40.5,321,-65.629983,-17.773109,30.200001,14.7,0,0,0,0,0,78
Vila Vila,41.099998,316,-65.671509,-17.978234,30.200001,14.7,2,0,0,0,0,60
Ixiamas,50.5,173,-68.018773,-13.090371,38.5,13.6,0,0,2,10,129,121
Ayata,43.599998,296,-68.712244,-15.32086,38.5,13.6,0,0,0,46,0,61
Uyuni,56.400002,67,-66.788994,-20.065646,18.0,18.9,0,0,0,16,110,68
Waldo Ballivian,47.099998,249,-68.219748,-17.115032,23.1,21.700001,0,0,0,0,0,38
Curahuara de Carangas,54.700001,89,-68.666535,-17.988321,31.5,19.5,0,0,0,26,0,98
Choquecota,47.0,253,-67.956176,-18.123006,52.599998,12.2,0,0,0,0,0,34
Escara,49.099998,203,-68.159131,-18.694869,52.599998,12.2,0,0,0,0,0,43
Coipasa,49.900002,187,-68.311266,-19.324869,31.5,19.5,0,0,0,0,0,75
Chipaya,45.200001,282,-68.047556,-19.062518,31.5,19.5,0,0,0,0,0,93
Chayanta,45.900002,275,-66.350779,-18.414864,29.5,18.0,0,0,0,29,0,69
Salinas de Garcí Mendoza,49.299999,198,-67.614543,-19.436868,31.5,19.5,0,0,0,7,0,105
Tupiza,59.900002,29,-65.79641,-21.491327,18.0,18.9,0,0,0,69,31,62
Atocha,56.5,61,-66.169933,-21.070168,18.0,18.9,0,0,0,41,0,80
San Pedro de Quemes,55.599998,71,-68.173844,-20.999802,29.5,18.0,0,0,0,0,0,76
San Julián,52.099998,140,-62.81306,-16.792709,7.6,32.799999,0,0,0,63,53,91
El Puente,54.299999,94,-63.485452,-16.147501,14.2,27.5,0,0,0,0,0,76
Comarapa,58.900002,35,-64.432383,-17.8029,12.5,31.200001,27,0,0,34,29,98
Bermejo,66.599998,10,-64.328831,-22.672811,14.2,27.5,0,0,0,116,0,52
Villa Charcas,43.099998,304,-64.82104,-20.571798,40.599998,16.9,1,0,0,40,0,79
Puerto Acosta,45.900002,276,-69.215305,-15.55561,23.1,21.700001,0,0,0,9,22,24
Escoma,46.200001,269,-69.148516,-15.638435,23.1,21.700001,0,0,0,13,0,26
Charaña,47.799999,230,-69.156989,-17.659026,38.5,13.6,0,0,0,0,0,20
Achacachi,54.700001,86,-68.665246,-16.016888,14.0,22.799999,0,0,0,34,47,43
Taraco,52.900002,120,-68.853405,-16.461519,14.0,22.799999,0,0,0,14,0,51
La (Marka) San Andrés de Mach,49.200001,200,-69.043961,-16.89974,38.5,13.6,0,0,0,0,0,44
Tacobamba,37.200001,335,-65.553892,-19.212862,49.200001,11.3,0,0,0,8,0,46
Challapata,51.099998,160,-66.552401,-18.890258,31.5,19.5,0,0,0,39,75,72
Uncía,51.099998,161,-66.531296,-18.587734,29.5,18.0,0,0,0,46,21,54
Ravelo,38.900002,329,-65.56374,-18.753343,49.200001,11.3,1,0,0,23,0,77
Mizque,45.0,286,-65.420039,-18.05581,30.200001,14.7,3,0,0,38,79,79
Pasorapa,56.799999,60,-64.600649,-18.392601,18.1,23.4,2,0,0,0,0,30
Cotagaita,47.599998,233,-65.768956,-20.672872,29.5,18.0,1,0,0,44,7,61
Camargo,53.0,115,-65.156369,-20.601989,24.299999,27.1,2,0,0,35,89,71
Villazón,62.0,21,-65.642085,-21.913603,18.0,18.9,0,0,0,24,42,55
Padcaya,59.299999,32,-64.528925,-22.133981,14.2,27.5,0,0,0,58,0,56
